country,age
Algeria,30-34
Tunisia,35-44
Tunisia,55-64
Algeria,30-34
Tunisia,35-44
Egypt,30-34
Algeria,30-34
Egypt,25-29
Algeria,55-64
Tunisia,25-29
Egypt,55-64
Algeria,30-34
Egypt,45-54
Egypt,45-54
Egypt,45-54
Algeria,25-29
Algeria,35-44
Egypt,25-29
Tunisia,25-29
Egypt,35-44
Algeria,30-34
Egypt,35-44
Algeria,30-34
Egypt,30-34
Egypt,30-34
Egypt,35-44
Egypt,30-34
Algeria,30-34
Egypt,35-44
Algeria,30-34
Algeria,35-44
Tunisia,25-29
Egypt,30-34
Algeria,25-29
Algeria,25-29
Tunisia,30-34
Algeria,45-54
Egypt,30-34
Tunisia,35-44
Egypt,45-54
Algeria,35-44
Egypt,30-34
Algeria,35-44
Algeria,30-34
Algeria,30-34
Algeria,35-44
Egypt,45-54
Egypt,45-54
Algeria,25-29
Algeria,30-34
Tunisia,30-34
Egypt,30-34
Algeria,45-54
Tunisia,35-44
Egypt,35-44
Egypt,35-44
Egypt,35-44
Egypt,35-44
Algeria,55-64
Algeria,35-44
Algeria,25-29
Tunisia,25-29
Egypt,35-44
Tunisia,25-29
Egypt,30-34
Algeria,35-44
Tunisia,55-64
Tunisia,45-54
Algeria,25-29
Egypt,30-34
Algeria,30-34
Algeria,25-29
Egypt,35-44
Egypt,30-34
Algeria,30-34
Egypt,35-44
Algeria,45-54
Algeria,35-44
Algeria,35-44
Egypt,45-54
Algeria,30-34
Algeria,45-54
Tunisia,25-29
Algeria,30-34
Algeria,35-44
Algeria,25-29
Egypt,25-29
Algeria,30-34
Egypt,35-44
Egypt,35-44
Tunisia,30-34
Egypt,35-44
Algeria,30-34
Egypt,35-44
Egypt,30-34
Algeria,25-29
Egypt,25-29
Egypt,30-34
Algeria,35-44
Egypt,45-54
Algeria,45-54
Egypt,35-44
Tunisia,30-34
Egypt,45-54
Algeria,30-34
Tunisia,30-34
Tunisia,30-34
Egypt,30-34
Egypt,30-34
Tunisia,35-44
Algeria,30-34
Tunisia,35-44
Egypt,45-54
Egypt,30-34
Algeria,45-54
Egypt,25-29
Egypt,35-44
Egypt,55-64
Tunisia,55-64
Tunisia,30-34
Egypt,30-34
Tunisia,35-44
Tunisia,45-54
Egypt,45-54
Egypt,25-29
Algeria,35-44
Tunisia,45-54
Egypt,35-44
Algeria,35-44
Algeria,35-44
Egypt,25-29
Egypt,30-34
Algeria,35-44
Egypt,45-54
Algeria,35-44
Algeria,25-29
Egypt,25-29
Egypt,35-44
Tunisia,45-54
Tunisia,25-29
Algeria,35-44
Egypt,45-54
Egypt,45-54
Algeria,30-34
Algeria,55-64
Algeria,65+
Egypt,35-44
Algeria,45-54
Tunisia,35-44
Tunisia,30-34
Algeria,35-44
Egypt,45-54
Algeria,45-54
Algeria,45-54
Tunisia,30-34
Algeria,45-54
Algeria,25-29
Algeria,55-64
Algeria,45-54
Egypt,55-64
Tunisia,45-54
Algeria,25-29
Tunisia,35-44
Tunisia,25-29
Egypt,35-44
Algeria,35-44
Tunisia,25-29
Tunisia,30-34
Algeria,30-34
Algeria,25-29
Egypt,30-34
Algeria,45-54
Algeria,35-44
Algeria,45-54
Egypt,35-44
Egypt,35-44
Algeria,30-34
Egypt,35-44
Egypt,35-44
Egypt,30-34
Egypt,45-54
Algeria,30-34
Algeria,30-34
Egypt,25-29
Egypt,45-54
Tunisia,65+
Algeria,30-34
Algeria,30-34
Egypt,25-29
Algeria,25-29
Egypt,30-34
Algeria,30-34
Egypt,35-44
Algeria,25-29
Algeria,25-29
Egypt,30-34
Algeria,25-29
Tunisia,25-29
Algeria,45-54
Egypt,25-29
Algeria,30-34
Egypt,35-44
Algeria,35-44
Algeria,25-29
Algeria,25-29
Algeria,45-54
Algeria,30-34
Algeria,30-34
Algeria,25-29
Egypt,30-34
Egypt,30-34
Algeria,35-44
Egypt,25-29
Egypt,35-44
Egypt,25-29
Egypt,45-54
Egypt,35-44
Algeria,30-34
Algeria,35-44
Egypt,30-34
Egypt,30-34
Algeria,35-44
Egypt,45-54
Algeria,30-34
Algeria,55-64
Egypt,55-64
Egypt,35-44
Algeria,25-29
Tunisia,35-44
Egypt,45-54
Egypt,45-54
Algeria,25-29
Tunisia,25-29
Egypt,35-44
Algeria,30-34
Egypt,30-34
Egypt,35-44
Egypt,55-64
Algeria,30-34
Egypt,45-54
Egypt,25-29
Algeria,30-34
Tunisia,35-44
Algeria,35-44
Algeria,35-44
Egypt,35-44
Egypt,25-29
Algeria,25-29
Algeria,35-44
Algeria,45-54
Algeria,30-34
Egypt,35-44
Algeria,30-34
Algeria,35-44
Algeria,30-34
Algeria,35-44
Egypt,35-44
Tunisia,35-44
Egypt,45-54
Tunisia,35-44
Egypt,35-44
Algeria,35-44
Egypt,25-29
Egypt,35-44
Egypt,25-29
Algeria,45-54
Egypt,35-44
Algeria,30-34
Algeria,25-29
Algeria,45-54
Tunisia,35-44
Algeria,45-54
Egypt,30-34
Egypt,35-44
Algeria,45-54
Egypt,35-44
Tunisia,55-64
Egypt,25-29
Algeria,30-34
Algeria,25-29
Tunisia,45-54
Egypt,35-44
Egypt,45-54
Algeria,35-44
Egypt,30-34
Algeria,35-44
Egypt,30-34
Algeria,35-44
Egypt,45-54
Egypt,25-29
Algeria,35-44
Algeria,30-34
Egypt,35-44
Algeria,35-44
Egypt,35-44
Egypt,25-29
Egypt,55-64
Algeria,35-44
Egypt,55-64
Algeria,25-29
Egypt,30-34
Egypt,25-29
Egypt,45-54
Egypt,25-29
Algeria,35-44
Egypt,35-44
Egypt,35-44
Egypt,35-44
Algeria,30-34
Egypt,35-44
Egypt,45-54
Egypt,30-34
Algeria,30-34
Egypt,35-44
Egypt,25-29
Algeria,30-34
Egypt,45-54
Tunisia,25-29
Egypt,25-29
Egypt,45-54
Algeria,45-54
Tunisia,35-44
Algeria,25-29
Egypt,30-34
Tunisia,65+
Tunisia,55-64
Algeria,30-34
Tunisia,45-54
Algeria,30-34
Algeria,30-34
Egypt,55-64
Tunisia,55-64
Egypt,35-44
Tunisia,30-34
Algeria,30-34
Tunisia,35-44
Tunisia,65+
Egypt,55-64
Algeria,35-44
Algeria,25-29
Tunisia,25-29
Egypt,55-64
Algeria,35-44
Egypt,35-44
Egypt,30-34
Tunisia,25-29
Egypt,35-44
Egypt,25-29
Egypt,45-54
Egypt,35-44
Algeria,30-34
Egypt,30-34
Algeria,25-29
Egypt,30-34
Tunisia,35-44
Algeria,25-29
Tunisia,30-34
Algeria,30-34
Egypt,55-64
Algeria,30-34
Egypt,35-44
Algeria,35-44
Egypt,35-44
Algeria,30-34
Egypt,30-34
Tunisia,45-54
Algeria,25-29
Egypt,35-44
Egypt,30-34
Egypt,25-29
Algeria,35-44
Egypt,30-34
Algeria,55-64
Egypt,30-34
Algeria,30-34
Egypt,35-44
Algeria,30-34
Egypt,25-29
Egypt,30-34
Tunisia,25-29
Algeria,35-44
Egypt,30-34
Algeria,35-44
Algeria,65+
Algeria,25-29
Egypt,30-34
Egypt,55-64
Egypt,30-34
Algeria,30-34
Algeria,25-29
Egypt,25-29
Egypt,25-29
Egypt,35-44
Tunisia,35-44
Egypt,45-54
Algeria,30-34
Egypt,30-34
Egypt,30-34
Egypt,30-34
Egypt,35-44
Tunisia,45-54
Algeria,30-34
Algeria,30-34
Algeria,35-44
Algeria,30-34
Egypt,35-44
Algeria,35-44
Egypt,25-29
Egypt,35-44
Algeria,25-29
Egypt,30-34
Algeria,25-29
Egypt,65+
Algeria,30-34
Algeria,45-54
Tunisia,35-44
Algeria,30-34
Egypt,30-34
Egypt,45-54
Algeria,30-34
Algeria,35-44
Algeria,35-44
Egypt,25-29
Egypt,35-44
Algeria,25-29
Algeria,30-34
Egypt,25-29
Egypt,45-54
Egypt,30-34
Tunisia,45-54
Tunisia,45-54
Egypt,30-34
Egypt,30-34
Egypt,35-44
Egypt,30-34
Algeria,35-44
Egypt,45-54
Egypt,25-29
Egypt,30-34
Tunisia,45-54
Tunisia,30-34
Egypt,30-34
Egypt,35-44
Egypt,35-44
Tunisia,35-44
Algeria,35-44
Egypt,25-29
Algeria,35-44
Egypt,55-64
Egypt,25-29
Egypt,35-44
Egypt,55-64
Egypt,35-44
Egypt,30-34
Algeria,35-44
Egypt,35-44
Egypt,30-34
Algeria,45-54
Algeria,35-44
Egypt,30-34
Egypt,35-44
Algeria,35-44
Egypt,35-44
Algeria,25-29
Egypt,35-44
Egypt,35-44
Algeria,30-34
Algeria,45-54
Tunisia,55-64
Egypt,35-44
Egypt,35-44
Egypt,35-44
Egypt,30-34
Egypt,35-44
Algeria,55-64
Egypt,30-34
Algeria,55-64
Tunisia,35-44
Algeria,35-44
Algeria,35-44
Egypt,25-29
Egypt,45-54
Egypt,35-44
Egypt,30-34
Algeria,45-54
Egypt,35-44
Tunisia,25-29
Egypt,45-54
Tunisia,45-54
Algeria,25-29
Egypt,35-44
Egypt,35-44
Algeria,35-44
Algeria,25-29
Egypt,45-54
Egypt,35-44
Algeria,30-34
Algeria,30-34
Egypt,55-64
Algeria,25-29
Algeria,45-54
Egypt,25-29
Algeria,30-34
Algeria,25-29
Egypt,25-29
Algeria,35-44
Egypt,30-34
Egypt,30-34
Egypt,25-29
Egypt,35-44
Egypt,30-34
Egypt,35-44
Egypt,45-54
Egypt,35-44
Algeria,35-44
Egypt,30-34
Egypt,45-54
Egypt,25-29
Tunisia,25-29
Egypt,30-34
Egypt,30-34
Egypt,30-34
Egypt,25-29
Algeria,25-29
Algeria,30-34
Egypt,30-34
Algeria,30-34
Egypt,25-29
Egypt,45-54
Egypt,30-34
Algeria,30-34
Tunisia,35-44
Algeria,25-29
Algeria,25-29
Algeria,25-29
Algeria,30-34
Algeria,35-44
Tunisia,30-34
Egypt,35-44
Algeria,35-44
Tunisia,35-44
Algeria,30-34
Egypt,35-44
Algeria,55-64
Egypt,30-34
Algeria,35-44
Tunisia,35-44
Egypt,35-44
Tunisia,30-34
Egypt,35-44
Tunisia,25-29
Tunisia,65+
Tunisia,30-34
Egypt,30-34
Egypt,25-29
Egypt,35-44
Algeria,30-34
Egypt,30-34
Egypt,45-54
Tunisia,30-34
Egypt,30-34
Algeria,55-64
Egypt,25-29
Egypt,35-44
Egypt,35-44
Algeria,25-29
Algeria,55-64
Tunisia,35-44
Algeria,35-44
Egypt,45-54
Egypt,35-44
Algeria,45-54
Egypt,45-54
Egypt,45-54
Egypt,35-44
Algeria,55-64
Algeria,55-64
Tunisia,25-29
Tunisia,25-29
Tunisia,35-44
Egypt,45-54
Tunisia,30-34
Egypt,30-34
Tunisia,35-44
Algeria,35-44
Egypt,35-44
Algeria,25-29
Tunisia,30-34
Egypt,25-29
Tunisia,30-34
Egypt,30-34
Algeria,55-64
Algeria,65+
Egypt,25-29
Egypt,30-34
Algeria,35-44
Egypt,35-44
Tunisia,25-29
Egypt,45-54
Tunisia,25-29
Algeria,45-54
Algeria,45-54
Tunisia,25-29
Algeria,25-29
Algeria,25-29
Egypt,35-44
Tunisia,30-34
Algeria,45-54
Egypt,30-34
Algeria,25-29
Egypt,30-34
Egypt,35-44
Egypt,55-64
Tunisia,25-29
Tunisia,35-44
Egypt,25-29
Egypt,35-44
Egypt,30-34
Tunisia,25-29
Egypt,25-29
Tunisia,45-54
Egypt,35-44
Algeria,35-44
Tunisia,30-34
Egypt,30-34
Egypt,25-29
Tunisia,30-34
Algeria,30-34
Egypt,30-34
Egypt,35-44
Egypt,45-54
Algeria,30-34
Egypt,45-54
Algeria,65+
Algeria,25-29
Egypt,25-29
Egypt,55-64
Algeria,30-34
Algeria,35-44
Algeria,25-29
Egypt,25-29
Egypt,35-44
Egypt,35-44
Tunisia,35-44
Egypt,25-29
Algeria,30-34
Egypt,35-44
Egypt,35-44
Algeria,30-34
Egypt,45-54
Tunisia,30-34
Algeria,25-29
Tunisia,25-29
Tunisia,30-34
Egypt,35-44
Algeria,35-44
Algeria,30-34
Tunisia,45-54
Egypt,30-34
Egypt,25-29
Algeria,25-29
Algeria,30-34
Tunisia,30-34
Algeria,25-29
Egypt,35-44
Algeria,25-29
Egypt,30-34
Algeria,25-29
Egypt,35-44
Algeria,35-44
Egypt,45-54
Algeria,45-54
Algeria,45-54
Egypt,30-34
Egypt,30-34
Egypt,45-54
Algeria,55-64
Egypt,25-29
Egypt,35-44
Egypt,35-44
Algeria,25-29
Egypt,45-54
Algeria,25-29
Egypt,30-34
Egypt,55-64
Tunisia,35-44
Algeria,25-29
Egypt,45-54
Tunisia,35-44
Egypt,35-44
Tunisia,25-29
Algeria,45-54
Egypt,30-34
Tunisia,55-64
Egypt,25-29
Tunisia,45-54
Algeria,30-34
Algeria,25-29
Egypt,45-54
Egypt,30-34
Tunisia,45-54
Tunisia,45-54
Egypt,25-29
Egypt,30-34
Egypt,30-34
Egypt,25-29
Egypt,25-29
Egypt,35-44
Algeria,25-29
Algeria,45-54
Algeria,25-29
Algeria,25-29
Egypt,30-34
Egypt,25-29
Egypt,35-44
Egypt,25-29
Tunisia,35-44
Algeria,25-29
Tunisia,25-29
Egypt,25-29
Algeria,25-29
Algeria,35-44
Algeria,25-29
Algeria,25-29
Tunisia,30-34
Algeria,25-29
Egypt,25-29
Algeria,25-29
Tunisia,25-29
Egypt,35-44
Egypt,25-29
Egypt,45-54
Egypt,35-44
Egypt,45-54
Egypt,45-54
Egypt,25-29
Tunisia,35-44
Algeria,25-29
Egypt,35-44
Egypt,35-44
Egypt,25-29
Egypt,25-29
Egypt,30-34
Tunisia,25-29
Egypt,30-34
Egypt,35-44
Egypt,30-34
Egypt,45-54
Egypt,35-44
Egypt,35-44
Tunisia,45-54
Egypt,25-29
Egypt,35-44
Tunisia,45-54
Algeria,35-44
Egypt,45-54
Algeria,25-29
Egypt,35-44
Algeria,35-44
Egypt,25-29
Egypt,30-34
Egypt,25-29
Algeria,25-29
Tunisia,35-44
Egypt,30-34
Egypt,35-44
Egypt,35-44
Egypt,25-29
Tunisia,25-29
Algeria,25-29
Algeria,30-34
Egypt,25-29
Egypt,35-44
Egypt,35-44
Egypt,25-29
Tunisia,55-64
Egypt,35-44
Algeria,30-34
Algeria,25-29
Egypt,25-29
Egypt,30-34
Algeria,30-34
Egypt,35-44
Egypt,30-34
Algeria,30-34
Algeria,25-29
Algeria,25-29
Algeria,25-29
Tunisia,30-34
Egypt,30-34
Algeria,25-29
Egypt,45-54
Egypt,25-29
Egypt,25-29
Egypt,35-44
Egypt,25-29
Egypt,35-44
Egypt,35-44
Egypt,30-34
Egypt,30-34
Egypt,30-34
Egypt,30-34
Egypt,35-44
Egypt,25-29
Algeria,25-29
Tunisia,25-29
Egypt,25-29
Algeria,30-34
Egypt,45-54
Algeria,35-44
Algeria,25-29
Algeria,30-34
Egypt,30-34
Algeria,55-64
Egypt,35-44
Algeria,25-29
Tunisia,45-54
Egypt,25-29
Egypt,35-44
Algeria,30-34
Algeria,35-44
Algeria,35-44
Tunisia,30-34
Algeria,30-34
Algeria,45-54
Egypt,35-44
Egypt,30-34
Egypt,25-29
Egypt,35-44
Egypt,35-44
Egypt,35-44
Egypt,30-34
Tunisia,25-29
Algeria,30-34
Egypt,30-34
Egypt,30-34
Tunisia,45-54
Egypt,30-34
Egypt,30-34
Egypt,25-29
Egypt,35-44
Egypt,25-29
Egypt,25-29
Algeria,55-64
Egypt,30-34
Tunisia,35-44
Tunisia,25-29
Egypt,45-54
Egypt,45-54
Egypt,45-54
Algeria,30-34
Egypt,30-34
Egypt,30-34
Algeria,35-44
Algeria,30-34
Algeria,25-29
Algeria,25-29
Algeria,25-29
Algeria,30-34
Tunisia,30-34
Algeria,30-34
Egypt,55-64
Algeria,55-64
Algeria,45-54
Algeria,35-44
Egypt,35-44
Egypt,25-29
Egypt,30-34
Tunisia,45-54
Egypt,30-34
Tunisia,30-34
Egypt,30-34
Tunisia,25-29
Egypt,30-34
Egypt,55-64
Tunisia,30-34
Egypt,35-44
Egypt,45-54
Egypt,25-29
Tunisia,35-44
Tunisia,30-34
Tunisia,35-44
Egypt,25-29
Algeria,35-44
Algeria,30-34
Egypt,30-34
Algeria,25-29
Tunisia,25-29
Egypt,45-54
Egypt,35-44
Egypt,30-34
Tunisia,35-44
Egypt,35-44
Egypt,35-44
Egypt,30-34
Algeria,25-29
Egypt,25-29
Egypt,45-54
Egypt,25-29
Algeria,45-54
Tunisia,30-34
Egypt,25-29
Egypt,45-54
Egypt,30-34
Egypt,30-34
Tunisia,35-44
Egypt,45-54
Egypt,25-29
Tunisia,35-44
Tunisia,35-44
Tunisia,25-29
Algeria,65+
Algeria,35-44
Egypt,30-34
Egypt,45-54
Algeria,30-34
Algeria,35-44
Algeria,55-64
Egypt,30-34
Tunisia,25-29
Egypt,35-44
Egypt,35-44
Egypt,45-54
Tunisia,25-29
Egypt,30-34
Algeria,35-44
Egypt,35-44
Egypt,25-29
Algeria,35-44
Algeria,65+
Egypt,35-44
Algeria,25-29
Egypt,35-44
Algeria,30-34
Tunisia,35-44
Egypt,45-54
Tunisia,35-44
Egypt,35-44
Egypt,25-29
Tunisia,45-54
Egypt,35-44
Algeria,25-29
Egypt,30-34
Algeria,30-34
Egypt,35-44
Egypt,30-34
Egypt,45-54
Egypt,35-44
Algeria,35-44
Algeria,35-44
Algeria,30-34
Algeria,30-34
Egypt,35-44
Egypt,25-29
Egypt,35-44
Algeria,25-29
Tunisia,25-29
Egypt,30-34
Tunisia,55-64
Egypt,35-44
Egypt,35-44
Egypt,35-44
Egypt,30-34
Egypt,45-54
Egypt,25-29
Egypt,25-29
Algeria,30-34
Tunisia,35-44
Egypt,30-34
Egypt,25-29
Egypt,30-34
Tunisia,35-44
Algeria,35-44
Tunisia,45-54
Egypt,30-34
Tunisia,35-44
Algeria,25-29
Egypt,35-44
Egypt,30-34
Algeria,30-34
Tunisia,65+
Algeria,35-44
Algeria,30-34
Tunisia,25-29
Egypt,35-44
Tunisia,25-29
Algeria,30-34
Egypt,45-54
Algeria,25-29
Egypt,45-54
Egypt,30-34
Egypt,30-34
Egypt,25-29
Egypt,45-54
Egypt,25-29
Tunisia,25-29
Egypt,35-44
Egypt,30-34
Tunisia,30-34
Tunisia,35-44
Algeria,35-44
Egypt,55-64
Algeria,30-34
Algeria,55-64
Algeria,25-29
Algeria,45-54
Egypt,45-54
Algeria,65+
Egypt,35-44
Egypt,25-29
Egypt,45-54
Tunisia,30-34
Tunisia,25-29
Egypt,30-34
Egypt,25-29
Algeria,30-34
Egypt,30-34
Tunisia,45-54
Algeria,35-44
Algeria,30-34
Egypt,35-44
Tunisia,30-34
Algeria,35-44
Tunisia,25-29
Algeria,30-34
Tunisia,25-29
Algeria,35-44
Algeria,35-44
Egypt,30-34
Tunisia,25-29
Algeria,25-29
Egypt,35-44
Algeria,35-44
Egypt,30-34
Algeria,30-34
Tunisia,25-29
Algeria,30-34
Algeria,35-44
Algeria,25-29
Algeria,45-54
Algeria,35-44
Egypt,35-44
Tunisia,25-29
Egypt,35-44
Tunisia,30-34
Tunisia,25-29
Egypt,25-29
Tunisia,25-29
Egypt,30-34
Algeria,35-44
Egypt,55-64
Algeria,25-29
Egypt,30-34
Algeria,30-34
Algeria,35-44
Egypt,45-54
Algeria,30-34
Egypt,45-54
Egypt,45-54
Algeria,35-44
Tunisia,45-54
Egypt,25-29
Algeria,45-54
Egypt,25-29
Algeria,35-44
Egypt,35-44
Algeria,45-54
Algeria,25-29
Egypt,35-44
Algeria,25-29
Egypt,30-34
Algeria,25-29
Algeria,30-34
Egypt,30-34
Algeria,30-34
Algeria,35-44
Algeria,45-54
Algeria,45-54
Egypt,25-29
Algeria,25-29
Algeria,55-64
Tunisia,25-29
Egypt,30-34
Algeria,35-44
Egypt,55-64
Tunisia,25-29
Tunisia,45-54
Tunisia,35-44
Egypt,35-44
Algeria,30-34
Egypt,25-29
Algeria,35-44
Tunisia,30-34
Tunisia,30-34
Algeria,25-29
Algeria,45-54
Tunisia,45-54
Algeria,45-54
Algeria,25-29
Algeria,25-29
Algeria,35-44
Egypt,35-44
Algeria,25-29
Tunisia,25-29
Egypt,55-64
Algeria,25-29
Algeria,55-64
Egypt,25-29
Tunisia,30-34
Egypt,30-34
Tunisia,30-34
Algeria,45-54
Algeria,30-34
Egypt,30-34
Algeria,35-44
Algeria,25-29
Tunisia,25-29
Tunisia,25-29
Egypt,25-29
Algeria,30-34
Tunisia,45-54
Tunisia,35-44
Tunisia,25-29
Tunisia,30-34
Egypt,35-44
Tunisia,30-34
Algeria,30-34
Egypt,30-34
Algeria,30-34
Algeria,30-34
Algeria,25-29
Algeria,30-34
Egypt,35-44
Egypt,65+
Egypt,35-44
Tunisia,25-29
Egypt,35-44
Egypt,35-44
Algeria,35-44
Egypt,45-54
Tunisia,25-29
Algeria,45-54
Tunisia,30-34
Algeria,30-34
Tunisia,30-34
Egypt,30-34
Egypt,35-44
Egypt,45-54
Egypt,25-29
Algeria,30-34
Algeria,55-64
Tunisia,25-29
Tunisia,25-29
Algeria,35-44
Egypt,25-29
Tunisia,25-29
Algeria,35-44
Tunisia,25-29
Tunisia,25-29
Tunisia,35-44
Algeria,35-44
Algeria,25-29
Algeria,35-44
Egypt,45-54
Algeria,25-29
Egypt,30-34
Tunisia,25-29
Tunisia,30-34
Algeria,30-34
Algeria,30-34
Tunisia,65+
Egypt,45-54
Tunisia,30-34
Egypt,45-54
Egypt,30-34
Algeria,45-54
Tunisia,25-29
Tunisia,30-34
Algeria,30-34
Algeria,55-64
Algeria,35-44
Algeria,30-34
Algeria,30-34
Algeria,35-44
Algeria,35-44
Algeria,30-34
Algeria,45-54
Tunisia,25-29
Tunisia,30-34
Algeria,25-29
Egypt,45-54
Egypt,30-34
Tunisia,25-29
Tunisia,25-29
Egypt,30-34
Algeria,35-44
Tunisia,45-54
Algeria,25-29
Tunisia,35-44
Tunisia,30-34
Tunisia,45-54
Tunisia,25-29
Algeria,45-54
Algeria,30-34
Egypt,30-34
Algeria,25-29
Tunisia,30-34
Tunisia,35-44
Algeria,45-54
Algeria,25-29
Tunisia,35-44
Algeria,35-44
Tunisia,35-44
Tunisia,30-34
Tunisia,55-64
Algeria,30-34
Algeria,35-44
Tunisia,25-29
Tunisia,45-54
Tunisia,30-34
Tunisia,45-54
Algeria,30-34
Egypt,45-54
Algeria,45-54
Tunisia,45-54
Tunisia,45-54
Algeria,35-44
Algeria,35-44
Algeria,30-34
Algeria,30-34
Algeria,35-44
Algeria,25-29
Algeria,35-44
Algeria,30-34
Egypt,30-34
Algeria,30-34
Algeria,25-29
Tunisia,25-29
Algeria,25-29
Algeria,35-44
Tunisia,35-44
Algeria,30-34
Algeria,30-34
Tunisia,35-44
Algeria,25-29
Algeria,45-54
Tunisia,30-34
Algeria,45-54
Tunisia,35-44
Algeria,35-44
Tunisia,35-44
Algeria,30-34
Algeria,30-34
Algeria,55-64
Algeria,25-29
Algeria,30-34
Tunisia,25-29
Algeria,25-29
Tunisia,55-64
Tunisia,30-34
Tunisia,45-54
Tunisia,30-34
Tunisia,35-44
Algeria,30-34
Algeria,35-44
Algeria,30-34
Algeria,35-44
Tunisia,45-54
Algeria,35-44
Tunisia,30-34
Algeria,45-54
Tunisia,35-44
Algeria,30-34
Algeria,35-44
Algeria,25-29
Algeria,25-29
Algeria,55-64
Algeria,25-29
Algeria,25-29
Tunisia,25-29
Tunisia,25-29
Algeria,35-44
Algeria,30-34
Algeria,30-34
Tunisia,35-44
Tunisia,35-44
Algeria,25-29
Tunisia,30-34
Algeria,30-34
Algeria,35-44
Algeria,25-29
Tunisia,30-34
Tunisia,25-29
Tunisia,25-29
Algeria,25-29
Tunisia,45-54
Tunisia,45-54
Algeria,25-29
Algeria,25-29
Tunisia,30-34
Tunisia,45-54
Algeria,55-64
Tunisia,25-29
Algeria,35-44
Algeria,30-34
Algeria,30-34
Tunisia,25-29
Tunisia,25-29
Algeria,25-29
Algeria,30-34
Algeria,30-34
Tunisia,30-34
Algeria,25-29
Algeria,30-34
Algeria,30-34
Algeria,30-34
Algeria,30-34
Tunisia,55-64
Algeria,30-34
Algeria,35-44
Algeria,35-44
Tunisia,35-44
Tunisia,55-64
Tunisia,25-29
Egypt,25-29
Tunisia,35-44
Algeria,30-34
Tunisia,45-54
Egypt,25-29
Algeria,35-44
Egypt,30-34
Algeria,45-54
Egypt,25-29
Tunisia,35-44
Tunisia,25-29
Tunisia,55-64
Algeria,30-34
Algeria,30-34
Algeria,35-44
Tunisia,25-29
Tunisia,30-34
Algeria,25-29
Algeria,30-34
Algeria,30-34
Algeria,35-44
Algeria,25-29
Algeria,35-44
Algeria,25-29
Tunisia,35-44
Tunisia,30-34
Tunisia,35-44
Algeria,30-34
Algeria,30-34
Algeria,30-34
Algeria,25-29
Tunisia,25-29
Algeria,30-34
Tunisia,45-54
Tunisia,45-54
Algeria,25-29
Tunisia,35-44
Tunisia,65+
Tunisia,30-34
Algeria,45-54
Algeria,25-29
Algeria,30-34
Tunisia,45-54
Tunisia,30-34
Algeria,55-64
Algeria,25-29
Algeria,30-34
Algeria,25-29
Tunisia,25-29
Tunisia,35-44
Tunisia,55-64
Egypt,25-29
Tunisia,25-29
Egypt,35-44
Egypt,35-44
Egypt,35-44
Algeria,30-34
Tunisia,35-44
Algeria,30-34
Egypt,45-54
Egypt,35-44
Algeria,30-34
Algeria,30-34
Egypt,35-44
Egypt,25-29
Egypt,35-44
Algeria,35-44
Tunisia,45-54
Egypt,35-44
Egypt,30-34
Egypt,45-54
Egypt,30-34
Egypt,35-44
Tunisia,35-44
Egypt,35-44
Egypt,35-44
Egypt,25-29
Egypt,30-34
Tunisia,35-44
Tunisia,35-44
Egypt,35-44
Algeria,35-44
Tunisia,35-44
Tunisia,55-64
Tunisia,30-34
Egypt,45-54
Algeria,30-34
Egypt,35-44
Algeria,35-44
Tunisia,35-44
Egypt,35-44
Egypt,30-34
Egypt,35-44
Egypt,35-44
Algeria,30-34
Algeria,25-29
Egypt,35-44
Egypt,35-44
Tunisia,25-29
Tunisia,25-29
Algeria,30-34
Egypt,35-44
Egypt,30-34
Egypt,30-34
Egypt,55-64
Egypt,25-29
Algeria,30-34
Egypt,35-44
Egypt,35-44
Algeria,25-29
Egypt,35-44
Egypt,30-34
Egypt,35-44
Egypt,25-29
Algeria,30-34
Egypt,35-44
Egypt,25-29
Tunisia,25-29
Egypt,35-44
Egypt,35-44
Egypt,35-44
Tunisia,45-54
Egypt,30-34
Egypt,25-29
Egypt,45-54
Egypt,25-29
Egypt,25-29
Tunisia,55-64
Tunisia,30-34
Tunisia,25-29
Egypt,25-29
Tunisia,25-29
Egypt,25-29
Tunisia,25-29
Egypt,45-54
Egypt,30-34
Egypt,30-34
Tunisia,35-44
Egypt,45-54
Egypt,25-29
Tunisia,25-29
Algeria,25-29
Tunisia,25-29
Algeria,45-54
Algeria,25-29
Egypt,35-44
Egypt,35-44
Tunisia,35-44
Egypt,30-34
Algeria,30-34
Egypt,45-54
Algeria,25-29
Egypt,25-29
Egypt,35-44
Egypt,30-34
Tunisia,25-29
Tunisia,45-54
Algeria,45-54
Egypt,30-34
Tunisia,25-29
Egypt,55-64
Tunisia,25-29
Egypt,25-29
Egypt,25-29
Tunisia,30-34
Tunisia,25-29
Egypt,25-29
Tunisia,30-34
Tunisia,25-29
Algeria,25-29
Egypt,55-64
Tunisia,25-29
Tunisia,25-29
Tunisia,25-29
Tunisia,45-54
Tunisia,25-29
Egypt,35-44
Tunisia,35-44
Tunisia,25-29
Tunisia,35-44
Tunisia,30-34
Tunisia,35-44
Tunisia,35-44
Egypt,45-54
Tunisia,30-34
Egypt,45-54
Egypt,35-44
Tunisia,25-29
Egypt,35-44
Egypt,35-44
Egypt,25-29
Egypt,25-29
Algeria,35-44
Egypt,25-29
Tunisia,35-44
Algeria,45-54
Tunisia,35-44
Tunisia,45-54
Egypt,30-34
Egypt,35-44
Egypt,45-54
Egypt,35-44
Egypt,45-54
Tunisia,25-29
Algeria,25-29
Tunisia,25-29
Algeria,35-44
Algeria,45-54
Algeria,35-44
Egypt,30-34
Tunisia,30-34
Tunisia,55-64
Egypt,35-44
Egypt,35-44
Tunisia,25-29
Egypt,45-54
Egypt,35-44
Algeria,30-34
Egypt,30-34
Tunisia,45-54
Algeria,25-29
Algeria,25-29
Algeria,30-34
Algeria,30-34
Egypt,45-54
Tunisia,25-29
Egypt,55-64
Algeria,30-34
Tunisia,25-29
Egypt,45-54
Tunisia,25-29
Egypt,45-54
Egypt,45-54
Egypt,30-34
Tunisia,25-29
Egypt,25-29
Algeria,30-34
Tunisia,35-44
Egypt,45-54
Egypt,65+
Tunisia,45-54
Egypt,25-29
Tunisia,45-54
Egypt,35-44
Egypt,35-44
Egypt,45-54
Tunisia,30-34
Egypt,30-34
Egypt,30-34
Egypt,25-29
Egypt,30-34
Tunisia,30-34
Egypt,25-29
Tunisia,30-34
Algeria,30-34
Egypt,25-29
Egypt,35-44
Algeria,35-44
Egypt,35-44
Egypt,35-44
Egypt,25-29
Tunisia,35-44
Algeria,35-44
Egypt,25-29
Egypt,30-34
Tunisia,65+
Tunisia,30-34
Egypt,30-34
Egypt,25-29
Egypt,35-44
Tunisia,25-29
Tunisia,35-44
Egypt,45-54
Algeria,30-34
Algeria,55-64
Egypt,30-34
Algeria,45-54
Algeria,25-29
Egypt,35-44
Tunisia,30-34
Algeria,25-29
Egypt,30-34
Egypt,35-44
Tunisia,35-44
Algeria,35-44
Algeria,25-29
Algeria,30-34
Tunisia,35-44
Egypt,35-44
Algeria,55-64
Algeria,30-34
Egypt,35-44
Algeria,35-44
Tunisia,25-29
Tunisia,25-29
Tunisia,35-44
Algeria,35-44
Tunisia,30-34
Egypt,30-34
Algeria,30-34
Egypt,45-54
Algeria,30-34
Egypt,30-34
Algeria,25-29
Algeria,25-29
Algeria,30-34
Algeria,30-34
Tunisia,35-44
Egypt,25-29
Egypt,45-54
Tunisia,25-29
Egypt,30-34
Egypt,55-64
Egypt,25-29
Egypt,30-34
Egypt,30-34
Tunisia,25-29
Algeria,35-44
Tunisia,35-44
Algeria,30-34
Tunisia,25-29
Algeria,35-44
Egypt,30-34
Egypt,35-44
Egypt,35-44
Tunisia,30-34
Algeria,30-34
Algeria,55-64
Algeria,30-34
Tunisia,30-34
Egypt,30-34
Egypt,35-44
Egypt,35-44
Algeria,35-44
Tunisia,35-44
Algeria,35-44
Egypt,30-34
Algeria,25-29
Algeria,30-34
Tunisia,35-44
Algeria,25-29
Tunisia,25-29
Egypt,35-44
Algeria,30-34
Tunisia,35-44
Algeria,35-44
Tunisia,45-54
Tunisia,45-54
Egypt,35-44
Tunisia,25-29
Egypt,30-34
Egypt,30-34
Egypt,35-44
Algeria,25-29
Egypt,45-54
Egypt,65+
Egypt,35-44
Egypt,25-29
Egypt,35-44
Egypt,45-54
Egypt,35-44
Algeria,35-44
Egypt,25-29
Tunisia,30-34
Algeria,35-44
Tunisia,35-44
Algeria,30-34
Egypt,30-34
Egypt,45-54
Egypt,45-54
Algeria,25-29
Egypt,25-29
Algeria,35-44
Tunisia,45-54
Egypt,35-44
Algeria,30-34
Tunisia,30-34
Tunisia,35-44
Algeria,45-54
Tunisia,35-44
Egypt,35-44
Egypt,25-29
Tunisia,30-34
Egypt,35-44
Egypt,55-64
Algeria,25-29
Algeria,30-34
Egypt,35-44
Tunisia,45-54
Algeria,35-44
Egypt,45-54
Egypt,25-29
Algeria,25-29
Egypt,45-54
Tunisia,45-54
Algeria,30-34
Algeria,25-29
Egypt,30-34
Tunisia,35-44
Tunisia,30-34
Egypt,45-54
Tunisia,25-29
Tunisia,25-29
Egypt,55-64
Egypt,55-64
Algeria,25-29
Algeria,25-29
Tunisia,30-34
Egypt,25-29
Egypt,30-34
Egypt,30-34
Egypt,30-34
Tunisia,25-29
Algeria,35-44
Egypt,30-34
Algeria,35-44
Egypt,35-44
Egypt,25-29
Egypt,55-64
Algeria,30-34
Algeria,30-34
Algeria,45-54
Algeria,30-34
Tunisia,30-34
Egypt,35-44
Egypt,35-44
Tunisia,45-54
Tunisia,35-44
Egypt,45-54
Algeria,45-54
Egypt,25-29
Tunisia,35-44
Egypt,25-29
Egypt,35-44
Tunisia,25-29
Egypt,25-29
Tunisia,30-34
Algeria,30-34
Egypt,35-44
Egypt,25-29
Egypt,45-54
Algeria,35-44
Egypt,45-54
Algeria,35-44
Algeria,35-44
Egypt,35-44
Tunisia,30-34
Algeria,30-34
Algeria,30-34
Egypt,30-34
Algeria,35-44
Egypt,30-34
Tunisia,35-44
Algeria,30-34
Egypt,25-29
Algeria,45-54
Algeria,35-44
Algeria,30-34
Tunisia,35-44
Tunisia,25-29
Egypt,45-54
Algeria,45-54
Egypt,35-44
Tunisia,30-34
Egypt,30-34
Egypt,30-34
Egypt,25-29
Egypt,45-54
Egypt,35-44
Egypt,45-54
Egypt,35-44
Egypt,45-54
Algeria,35-44
Tunisia,25-29
Algeria,45-54
Egypt,35-44
Tunisia,35-44
Egypt,30-34
Tunisia,25-29
Egypt,25-29
Egypt,35-44
Algeria,25-29
Tunisia,35-44
Egypt,30-34
Tunisia,35-44
Algeria,35-44
Algeria,35-44
Egypt,30-34
Algeria,35-44
Egypt,25-29
Egypt,35-44
Tunisia,55-64
Egypt,30-34
Tunisia,30-34
Algeria,25-29
Algeria,25-29
Egypt,35-44
Algeria,30-34
Tunisia,45-54
Tunisia,25-29
Egypt,25-29
Algeria,25-29
Tunisia,25-29
Tunisia,45-54
Egypt,55-64
Algeria,35-44
Algeria,25-29
Egypt,55-64
Algeria,35-44
Tunisia,35-44
Egypt,55-64
Egypt,45-54
Tunisia,45-54
Egypt,25-29
Egypt,45-54
Algeria,45-54
Tunisia,30-34
Algeria,30-34
Egypt,35-44
Algeria,30-34
Egypt,55-64
Egypt,30-34
Algeria,25-29
Egypt,25-29
Tunisia,55-64
Tunisia,35-44
Algeria,25-29
Algeria,30-34
Egypt,30-34
Egypt,30-34
Egypt,45-54
Algeria,30-34
Tunisia,30-34
Algeria,25-29
Algeria,30-34
Tunisia,35-44
Tunisia,30-34
Tunisia,35-44
Tunisia,35-44
Tunisia,30-34
Egypt,45-54
Tunisia,30-34
Egypt,55-64
Tunisia,45-54
Egypt,25-29
Tunisia,30-34
Egypt,55-64
Tunisia,55-64
Egypt,45-54
Algeria,30-34
Algeria,35-44
Algeria,25-29
Egypt,25-29
Egypt,45-54
Algeria,25-29
Egypt,35-44
Tunisia,45-54
Egypt,30-34
Egypt,30-34
Egypt,30-34
Egypt,30-34
Egypt,25-29
Egypt,35-44
Tunisia,30-34
Egypt,30-34
Tunisia,30-34
Algeria,35-44
Egypt,45-54
Egypt,35-44
Egypt,45-54
Tunisia,25-29
Egypt,35-44
Tunisia,30-34
Egypt,25-29
Tunisia,35-44
Egypt,35-44
Algeria,45-54
Egypt,25-29
Egypt,35-44
Egypt,45-54
Egypt,25-29
Egypt,30-34
Egypt,35-44
Egypt,30-34
Egypt,25-29
Egypt,35-44
Egypt,35-44
Egypt,25-29
Algeria,30-34
Egypt,25-29
Algeria,35-44
Algeria,25-29
Algeria,30-34
Tunisia,25-29
Algeria,35-44
Egypt,55-64
Algeria,35-44
Egypt,55-64
Egypt,45-54
Egypt,45-54
Egypt,25-29
Algeria,30-34
Egypt,35-44
Tunisia,35-44
Tunisia,25-29
Egypt,30-34
Tunisia,25-29
Egypt,55-64
Tunisia,45-54
Tunisia,30-34
Algeria,35-44
Egypt,30-34
Tunisia,30-34
Tunisia,35-44
Algeria,30-34
Algeria,35-44
Egypt,55-64
Tunisia,35-44
Egypt,35-44
Egypt,30-34
Egypt,30-34
Egypt,30-34
Tunisia,25-29
Egypt,45-54
Algeria,35-44
Egypt,30-34
Algeria,25-29
Tunisia,45-54
Algeria,30-34
Egypt,35-44
Egypt,35-44
Tunisia,30-34
Egypt,30-34
Algeria,25-29
Egypt,30-34
Algeria,25-29
Tunisia,35-44
Egypt,35-44
Tunisia,35-44
Egypt,30-34
Algeria,35-44
Algeria,35-44
Tunisia,35-44
Tunisia,35-44
Egypt,30-34
Tunisia,30-34
Tunisia,35-44
Algeria,30-34
Egypt,35-44
Egypt,30-34
Tunisia,45-54
Egypt,55-64
Egypt,25-29
Algeria,35-44
Algeria,30-34
Egypt,30-34
Egypt,25-29
Egypt,25-29
Egypt,30-34
Egypt,45-54
Tunisia,25-29
Egypt,25-29
Egypt,25-29
Egypt,30-34
Algeria,45-54
Egypt,25-29
Tunisia,35-44
Algeria,30-34
Tunisia,35-44
Algeria,35-44
Egypt,30-34
Tunisia,35-44
Algeria,25-29
Egypt,35-44
Algeria,25-29
Tunisia,45-54
Tunisia,25-29
Tunisia,35-44
Tunisia,45-54
Tunisia,30-34
Egypt,45-54
Algeria,30-34
Algeria,35-44
Egypt,35-44
Tunisia,35-44
Algeria,30-34
Egypt,35-44
Tunisia,35-44
Algeria,25-29
Algeria,30-34
Egypt,30-34
Egypt,25-29
Tunisia,35-44
Egypt,30-34
Tunisia,55-64
Algeria,35-44
Egypt,45-54
Algeria,25-29
Tunisia,35-44
Egypt,45-54
Egypt,55-64
Egypt,30-34
Algeria,35-44
Egypt,35-44
Algeria,25-29
Algeria,30-34
Tunisia,30-34
Egypt,30-34
Egypt,35-44
Algeria,30-34
Algeria,30-34
Algeria,25-29
Egypt,25-29
Algeria,35-44
Egypt,25-29
Egypt,30-34
Egypt,35-44
Egypt,30-34
Egypt,35-44
Algeria,35-44
Tunisia,25-29
Algeria,25-29
Egypt,30-34
Tunisia,35-44
Algeria,30-34
Algeria,25-29
Egypt,30-34
Algeria,30-34
Egypt,25-29
Algeria,30-34
Algeria,30-34
Egypt,45-54
Egypt,25-29
Tunisia,35-44
Egypt,45-54
Egypt,30-34
Algeria,30-34
Algeria,35-44
Egypt,25-29
Egypt,25-29
Algeria,35-44
Egypt,30-34
Algeria,25-29
Egypt,30-34
Tunisia,25-29
Egypt,25-29
Algeria,35-44
Egypt,45-54
Algeria,35-44
Algeria,35-44
Tunisia,25-29
Tunisia,55-64
Algeria,35-44
Algeria,45-54
Egypt,25-29
Algeria,30-34
Tunisia,35-44
Algeria,35-44
Algeria,35-44
Egypt,30-34
Egypt,30-34
Egypt,25-29
Egypt,30-34
Algeria,35-44
Egypt,30-34
Egypt,25-29
Algeria,25-29
Tunisia,30-34
Egypt,45-54
Tunisia,30-34
Tunisia,55-64
Algeria,35-44
Algeria,35-44
Tunisia,55-64
Algeria,30-34
Algeria,35-44
Tunisia,55-64
Tunisia,25-29
Algeria,35-44
Tunisia,25-29
Egypt,30-34
Algeria,30-34
Algeria,35-44
Algeria,30-34
Algeria,30-34
Egypt,35-44
Algeria,45-54
Egypt,45-54
Egypt,35-44
Egypt,30-34
Egypt,25-29
Tunisia,25-29
Egypt,35-44
Egypt,25-29
Tunisia,55-64
Tunisia,55-64
Egypt,25-29
Tunisia,25-29
Algeria,25-29
Algeria,30-34
Algeria,45-54
Egypt,30-34
Tunisia,30-34
Egypt,25-29
Egypt,35-44
Algeria,35-44
Tunisia,30-34
Tunisia,45-54
Tunisia,25-29
Algeria,25-29
Egypt,30-34
Tunisia,45-54
Egypt,35-44
Egypt,30-34
Egypt,35-44
Egypt,25-29
Egypt,25-29
Algeria,25-29
Egypt,30-34
Egypt,45-54
Algeria,25-29
Egypt,45-54
Algeria,45-54
Algeria,30-34
Egypt,30-34
Egypt,30-34
Algeria,25-29
Egypt,45-54
Tunisia,45-54
Egypt,35-44
Tunisia,35-44
Egypt,25-29
Algeria,30-34
Tunisia,30-34
Algeria,25-29
Egypt,45-54
Tunisia,55-64
Algeria,25-29
Tunisia,25-29
Algeria,35-44
Tunisia,35-44
Egypt,35-44
Egypt,55-64
Algeria,30-34
Algeria,30-34
Egypt,35-44
Algeria,25-29
Tunisia,30-34
Egypt,35-44
Algeria,25-29
Algeria,25-29
Algeria,30-34
Tunisia,30-34
Algeria,55-64
Egypt,35-44
Egypt,30-34
Egypt,35-44
Egypt,25-29
Tunisia,45-54
Egypt,25-29
Egypt,35-44
Algeria,30-34
Tunisia,35-44
Algeria,35-44
Egypt,25-29
Algeria,35-44
Algeria,25-29
Algeria,25-29
Egypt,25-29
Egypt,30-34
Algeria,35-44
Egypt,35-44
Egypt,25-29
Egypt,35-44
Egypt,45-54
Algeria,25-29
Egypt,35-44
Algeria,55-64
Egypt,35-44
Egypt,45-54
Algeria,30-34
Egypt,30-34
Egypt,35-44
Egypt,30-34
Egypt,30-34
Tunisia,25-29
Egypt,35-44
Egypt,30-34
Egypt,55-64
Egypt,25-29
Egypt,35-44
Tunisia,45-54
Algeria,25-29
Egypt,35-44
Tunisia,30-34
Algeria,25-29
Tunisia,55-64
Egypt,30-34
Algeria,35-44
Tunisia,35-44
Tunisia,35-44
Egypt,35-44
Tunisia,30-34
Tunisia,25-29
Algeria,30-34
Tunisia,30-34
Algeria,30-34
Tunisia,30-34
Algeria,30-34
Tunisia,25-29
Algeria,30-34
Algeria,25-29
Egypt,30-34
Egypt,30-34
Algeria,55-64
Egypt,35-44
Tunisia,45-54
Tunisia,25-29
Tunisia,25-29
Tunisia,35-44
Egypt,35-44
Tunisia,35-44
Egypt,55-64
Algeria,25-29
Tunisia,25-29
Algeria,30-34
Tunisia,65+
Algeria,35-44
Egypt,30-34
Tunisia,35-44
Algeria,25-29
Algeria,35-44
Tunisia,30-34
Tunisia,35-44
Egypt,45-54
Egypt,45-54
Tunisia,25-29
Tunisia,30-34
Algeria,55-64
Algeria,30-34
Tunisia,30-34
Egypt,25-29
Algeria,35-44
Egypt,25-29
Egypt,35-44
Algeria,30-34
Algeria,25-29
Tunisia,35-44
Egypt,35-44
Egypt,35-44
Algeria,35-44
Egypt,45-54
Egypt,35-44
Tunisia,30-34
Egypt,35-44
Algeria,25-29
Egypt,30-34
Algeria,30-34
Egypt,45-54
Egypt,35-44
Algeria,25-29
Algeria,45-54
Algeria,35-44
Egypt,35-44
Tunisia,35-44
Tunisia,55-64
Tunisia,35-44
Egypt,45-54
Egypt,35-44
Egypt,35-44
Algeria,35-44
Algeria,35-44
Tunisia,35-44
Algeria,35-44
Algeria,35-44
Egypt,35-44
Algeria,35-44
Egypt,35-44
Egypt,35-44
Egypt,45-54
Egypt,25-29
Tunisia,30-34
Tunisia,45-54
Egypt,30-34
Egypt,30-34
Algeria,30-34
Egypt,45-54
Egypt,35-44
Egypt,25-29
Egypt,45-54
Egypt,35-44
Egypt,45-54
Algeria,25-29
Tunisia,30-34
Algeria,25-29
Algeria,30-34
Algeria,25-29
Algeria,25-29
Algeria,35-44
Algeria,35-44
Algeria,25-29
Algeria,35-44
Algeria,25-29
Algeria,30-34
Tunisia,45-54
Algeria,35-44
Algeria,30-34
Tunisia,30-34
Algeria,25-29
Algeria,30-34
Tunisia,30-34
Egypt,30-34
Algeria,30-34
Tunisia,30-34
Algeria,25-29
Algeria,35-44
Tunisia,45-54
Algeria,30-34
Tunisia,25-29
Tunisia,55-64
Algeria,30-34
Algeria,35-44
Algeria,25-29
Algeria,35-44
Tunisia,35-44
Tunisia,35-44
Egypt,30-34
Algeria,35-44
Algeria,25-29
Algeria,45-54
Algeria,35-44
Algeria,35-44
Algeria,35-44
Algeria,30-34
Tunisia,35-44
Tunisia,30-34
Algeria,35-44
Algeria,30-34
Algeria,35-44
Algeria,35-44
Algeria,35-44
Algeria,35-44
Algeria,45-54
Algeria,30-34
Tunisia,25-29
Tunisia,35-44
Algeria,45-54
Tunisia,25-29
Tunisia,25-29
Tunisia,35-44
Algeria,35-44
Algeria,30-34
Algeria,35-44
Tunisia,25-29
Algeria,25-29
Tunisia,35-44
Algeria,25-29
Algeria,35-44
Tunisia,35-44
Algeria,30-34
Algeria,45-54
Algeria,35-44
Tunisia,55-64
Algeria,25-29
Algeria,35-44
Algeria,25-29
Egypt,45-54
Tunisia,55-64
Algeria,30-34
Algeria,30-34
Algeria,35-44
Algeria,35-44
Algeria,35-44
Tunisia,25-29
Algeria,35-44
Algeria,35-44
Algeria,35-44
Tunisia,35-44
Tunisia,45-54
Algeria,30-34
Tunisia,35-44
Algeria,30-34
Tunisia,35-44
Tunisia,35-44
Tunisia,25-29
Algeria,25-29
Tunisia,25-29
Tunisia,35-44
Algeria,35-44
Algeria,25-29
Algeria,35-44
Tunisia,25-29
Algeria,25-29
Algeria,35-44
Algeria,30-34
Tunisia,30-34
Tunisia,30-34
Tunisia,65+
Algeria,30-34
Algeria,35-44
Tunisia,45-54
Algeria,25-29
Algeria,30-34
Tunisia,30-34
Tunisia,30-34
Algeria,35-44
Algeria,35-44
Algeria,30-34
Algeria,35-44
Tunisia,55-64
Algeria,30-34
Algeria,25-29
Egypt,35-44
Tunisia,35-44
Algeria,30-34
Algeria,35-44
Tunisia,25-29
Algeria,30-34
Tunisia,30-34
Algeria,30-34
Tunisia,25-29
Algeria,25-29
Algeria,35-44
Algeria,30-34
Algeria,35-44
Algeria,35-44
Tunisia,55-64
Tunisia,30-34
Algeria,30-34
Tunisia,35-44
Algeria,45-54
Algeria,30-34
Algeria,55-64
Algeria,35-44
Algeria,25-29
Algeria,25-29
Algeria,25-29
Tunisia,35-44
Egypt,30-34
Egypt,45-54
Egypt,35-44
Tunisia,35-44
Tunisia,55-64
Tunisia,25-29
Tunisia,45-54
Tunisia,25-29
Tunisia,45-54
Tunisia,45-54
Tunisia,25-29
Tunisia,30-34
Tunisia,35-44
Tunisia,30-34
Tunisia,25-29
Tunisia,30-34
Tunisia,30-34
Tunisia,30-34
Tunisia,25-29
Tunisia,55-64
Algeria,30-34
Algeria,25-29
Tunisia,65+
Tunisia,65+
Tunisia,35-44
Tunisia,25-29
Tunisia,30-34
Tunisia,25-29
Tunisia,65+
Tunisia,45-54
Egypt,35-44
Egypt,35-44
Tunisia,35-44
Algeria,35-44
